<?xml version="1.0" encoding="utf-8"?>
<odoo>
    <data noupdate="0">
        <record forcecreate="True" id="ir_cron_collections_today" model="ir.cron">
            <field name="name">Collection Today</field>
            <field eval="True" name="active" />
            <field name="model_id" ref="salon_management.model_salon_chair"/>
            <field name="user_id" ref="base.user_root" />
            <field name="interval_number">1</field>
            <field name="interval_type">days</field>
            <field name="numbercall">-1</field>
            <field eval="True" name="doall" />
            <field eval="'salon.chair'" name="model" />
            <field eval="'collection_today_updater'" name="function" />
        </record>
    </data>
</odoo>